{
  "test_accuracy": 0.9913419913419913,
  "confusion_matrix": [
    [
      134,
      2
    ],
    [
      0,
      95
    ]
  ],
  "confusion_matrix_labels": [
    "healthy",
    "broken"
  ],
  "classification_report": {
    "broken": {
      "precision": 0.979381443298969,
      "recall": 1.0,
      "f1-score": 0.9895833333333334,
      "support": 95.0
    },
    "healthy": {
      "precision": 1.0,
      "recall": 0.9852941176470589,
      "f1-score": 0.9925925925925926,
      "support": 136.0
    },
    "accuracy": 0.9913419913419913,
    "macro avg": {
      "precision": 0.9896907216494846,
      "recall": 0.9926470588235294,
      "f1-score": 0.991087962962963,
      "support": 231.0
    },
    "weighted avg": {
      "precision": 0.9915205069844246,
      "recall": 0.9913419913419913,
      "f1-score": 0.9913550184383518,
      "support": 231.0
    }
  },
  "train_samples": 747,
  "test_samples": 231,
  "total_samples": 978
}